FACILITY_ID,FACILITY_CODE,SYS_LOC_CODE,LOC_NAME,SAMPLE_ID,SYS_SAMPLE_CODE,SAMPLE_NAME,SAMPLE_DATE,SAMPLEDATE,SAMPLETIME,SAMPLE_TYPE_CODE,START_DEPTH,END_DEPTH,DEPTH_UNIT,MATRIX_CODE,TASK_CODE,TASK_CODE_2,PARENT_SAMPLE_CODE,FIELD_SDG,ANALYSIS_LOCATION,LAB_SAMPLE_ID,LAB_MATRIX_CODE,LAB_NAME_CODE,ANALYTIC_METHOD,ANALYSIS_DATE,COLUMN_NUMBER,FRACTION,TEST_TYPE,PREP_METHOD,LEACHATE_METHOD,LEACHATE_DATE,LAB_SDG,PERCENT_MOISTURE,DILUTION_FACTOR,TEST_ID,CAS_RN,CHEMICAL_NAME,ORGANIC_YN,REPORT_RESULT_TEXT,REPORT_RESULT_VALUE,REPORT_RESULT_UNIT,REPORT_RESULT_LIMIT,REPORT_METHOD_DETECTION_LIMIT,REPORT_REPORTING_LIMIT,REPORT_QUANTITATION_LIMIT,REPORTABLE_RESULT,DETECT_FLAG,INTERPRETED_QUALIFIERS,VALIDATOR_QUALIFIERS,LAB_QUALIFIERS,QUANTITATION_LIMIT,METHOD_DETECTION_LIMIT,REPORTING_DETECTION_LIMIT,DETECTION_LIMIT_UNIT,APPROVAL_CODE,RESULT_TEXT,RESULT_NUMERIC,RESULT_UNIT,RESULT_TYPE_CODE,X_COORD,Y_COORD,Z_COORD_AVG,ZFROM,ZTO,LONGITUDE,LATITUDE,UNCERTAINTY,SAMPLE_METHOD,MEDIUM_CODE,DQM_REASON_CODE,COMPOSITE_YN,RESULT_ERROR_DELTA,COUNTING_ERROR,SAMPLE_START_DATE,ANL_SHORT_NAME,MINIMUM_DETECTABLE_CONC,SAMPLE_END_DATE,ANALYST_NAME,collection_date
1,SRS,FMC-002F,FMC-002F,253240,FMC-002F-01:124921,FMC-002F-SW-2000-09-07T08:40:00,9/7/00,07 Sep 2000,08:40,REG,,,ft,SW,FMBSW (20000056),,,,LB,30824005,,GP,EPIA-006,9/20/00,00,T,000,,,,,100,1,1845630,15046-84-1,IODINE-129,N,0.6420,0.642,pCi/L,0.6420,,0.5840,1.7040,Yes,Y,J,J,,1.7040,,0.5840,pCi/L,D,0.6420,0.642,pCi/L,TRG,-81.67906676,33.2665425,,,,-81.67906676,33.2665425,,OTHER,LIQ,21,N,0.56,,9/7/00,I129,,9/7/00,,9/7/00
1,SRS,FMC-002F,FMC-002F,255187,FMC-002F-02:124931,FMC-002F-SW-2001-03-20T12:50:00,3/20/01,20 Mar 2001,12:50,REG,,,ft,SW,FMB2001 (20010015),,,,LB,39938012,,GP,RADA-006,4/11/01,00,T,000,,,,,,1,1856950,15046-84-1,IODINE-129,N,< 0.4490,0.449,pCi/L,0.4490,,1.70,3.4760,Yes,N,U,U,,3.4760,,1.70,pCi/L,D,0.4490,0.449,pCi/L,TRG,-81.67906676,33.2665425,,,,-81.67906676,33.2665425,,OTHER,LIQ,,N,0.8880,,3/20/01,I129,,3/20/01,,3/20/01
1,SRS,FMC-002F,FMC-002F,291103,FMC-002F-03:2041B6,FMC-002F-SW-2001-06-20T00:00:00,6/20/01,20 Jun 2001,10:00,REG,,,ft,SW,FMB2001-2,,,,LB,44488012,,GE17817N,RADA-006,7/17/01,00,T,000,,,,,,1,2073618,15046-84-1,IODINE-129,N,< 0.3720,0.372,pCi/L,0.3720,,1.49,3.07,Yes,N,U,U,U,3.07,,1.49,pCi/L,D,0.3720,0.372,pCi/L,TRG,-81.67906676,33.2665425,,,,-81.67906676,33.2665425,,GRAB,LIQ,,N,1,,6/20/01,I129,,6/20/01,,6/20/01
1,SRS,FMC-002F,FMC-002F,288109,FMB-400000012,FMC-002F-SW-2001-12-11T13:10:00,12/11/01,11 Dec 2001,13:10,REG,,,,SW,FMB2001,,,,LB,53389004,,GE17817N,RADA-006,1/3/02,00,T,000,,,,,,1,2059445,15046-84-1,IODINE-129,N,1.83,1.83,pCi/L,1.83,,1.33,3.53,Yes,Y,,,R,3.53,,1.33,pCi/L,UE,1.83,1.83,pCi/L,TRG,-81.67906676,33.2665425,,,,-81.67906676,33.2665425,,,LIQ,,N,1.10,,12/11/01,I129,,12/11/01,,12/11/01
1,SRS,FMC-002F,FMC-002F,300268,3Q02FMB000001,FMC-002F-SW-2002-09-17T00:00:00,9/17/02,17 Sep 2002,08:15,REG,,,,SW,3Q02FMB,,,,LB,67341005,,GELFY02,RADA-006,10/7/02,00,T,000,,,,,,1,2105070,15046-84-1,IODINE-129,N,2.30,2.3,pCi/L,2.30,,0.66,2.70,Yes,Y,,,J,2.70,,0.66,pCi/L,UU,2.30,2.3,pCi/L,TRG,-81.67906676,33.2665425,,,,-81.67906676,33.2665425,,,LIQ,,N,1.02,,9/17/02,I129,,9/17/02,,9/17/02
1,SRS,FMC-002F,FMC-002F,319659,GE-03-3QFMB01,FMC-002F-SW-2003-09-15T00:00:00,9/15/03,15 Sep 2003,09:00,REG,,,,SW,3Q03FMB,,,,LB,88102007,,GELFY03,RADA-006,10/7/03,00,T,000,,,,,,1,2172599,15046-84-1,IODINE-129,N,1.66,1.66,pCi/L,1.66,,0.4540,1.8260,Yes,Y,,,J,1.8260,,0.4540,pCi/L,UE,1.66,1.66,pCi/L,TRG,-81.67906676,33.2665425,,,,-81.67906676,33.2665425,,,LIQ,,N,0.6860,,9/15/03,I129,,9/15/03,,9/15/03
1,SRS,FMC-002F,FMC-002F,332959,3Q04FHFMB0001,FMC-002F-SW-2004-09-16T00:00:00,9/16/04,16 Sep 2004,12:15,REG,,,,SW,3Q04FHFMB,,,,LB,F4I210293002,,STLFY04,EPA901.1MOD,10/11/04,00,T,000,,,,,100,1,2221495,15046-84-1,IODINE-129,N,3.80,3.8,pCi/L,3.80,2.60,2.60,4.24,Yes,Y,,,J,4.24,2.60,2.60,pCi/L,UE,3.80,3.8,pCi/L,TRG,-81.67906676,33.2665425,,,,-81.67906676,33.2665425,0,,LIQ,V|21,N,0.82,,9/16/04,I129,,9/16/04,,9/16/04
1,SRS,FMC-002F,FMC-002F,341154,3Q05FHFMB-001,FMC-002F-SW-2005-09-14T00:00:00,9/14/05,14 Sep 2005,12:30,REG,,,,SW,3Q05FHFMB,,,,LB,300094944,,EBLFY05B,L3.21-10021,9/28/05,00,T,000,,,,,100,1,2257346,15046-84-1,IODINE-129,N,< 2.49,2.49,pCi/L,2.49,,0.6090,2.17,Yes,N,,,J,2.17,,0.6090,pCi/L,VU,2.49,2.49,pCi/L,TRG,-81.67906676,33.2665425,,,,-81.67906676,33.2665425,,,LIQ,2,N,0.7820,,9/14/05,I129,,9/14/05,,9/14/05
1,SRS,FMC-002F,FMC-002F,350557,3Q06FHFMB-001,FMC-002F-SW-2006-09-11T00:00:00,9/11/06,11 Sep 2006,13:45,REG,,,,SW,3Q06FHFMB,,,,LB,F6I120193001,,STLFY06A,EPA902.0MOD,10/10/06,00,T,RA0,,,,,100,1,2293599,15046-84-1,IODINE-129,N,5.88,5.88,pCi/L,5.88,,0.58,1.44,Yes,Y,,,,1.44,,0.58,pCi/L,VU,5.88,5.88,pCi/L,TRG,-81.67906676,33.2665425,,,,-81.67906676,33.2665425,0,,LIQ,,N,0.43,,9/11/06,I129,,9/11/06,,9/11/06
1,SRS,FMC-002F,FMC-002F,353769,4Q06FHFMB-001,FMC-002F-SW-2006-12-05T00:00:00,12/5/06,05 Dec 2006,07:30,REG,,,,SW,4Q06FHFMB,,,,LB,300336804,,EBLFY07,L3.21-10021,1/8/07,00,T,000,,,,,100,1,2301878,15046-84-1,IODINE-129,N,< 2.52,2.52,pCi/L,2.52,,1.07,3.25,Yes,N,,,J,3.25,,1.07,pCi/L,VU,2.52,2.52,pCi/L,TRG,-81.67906676,33.2665425,,,,-81.67906676,33.2665425,0,,LIQ,21,N,1.09,,12/5/06,I129,,12/5/06,,12/5/06
1,SRS,FMC-002F,FMC-002F,357287,1Q07FHFMB-001,FMC-002F-SW-2007-03-05T00:00:00,3/5/07,05 Mar 2007,10:35,REG,,,,SW,1Q07FHFMB,,,,LB,F7C080149001,,STLFY07,EPA902.0MOD,3/14/07,00,T,000,,,,,100,1,2313147,15046-84-1,IODINE-129,N,1.42,1.42,pCi/L,1.42,,0.50,1.18,Yes,Y,,,,1.18,,0.50,pCi/L,VU,1.42,1.42,pCi/L,TRG,-81.67906676,33.2665425,,,,-81.67906676,33.2665425,0,,LIQ,,N,0.34,,3/5/07,I129,,3/5/07,,3/5/07
1,SRS,FMC-002F,FMC-002F,360241,2Q07FHFMB-013,FMC-002F-SW-2007-06-11T00:00:00,6/11/07,11 Jun 2007,14:30,REG,,,,SW,2Q07FHFMB,,,,LB,300475764,,EBLFY07,L3.21-10021,6/30/07,00,T,000,,,,,100,1,2319374,15046-84-1,IODINE-129,N,< 7.87,7.87,pCi/L,7.87,,1.53,4.79,Yes,N,,,,4.79,,1.53,pCi/L,VU,7.87,7.87,pCi/L,TRG,-81.67906676,33.2665425,,,,-81.67906676,33.2665425,0,,LIQ,,N,1.63,,6/11/07,I129,,6/11/07,,6/11/07
1,SRS,FMC-002F,FMC-002F,362851,3Q07FHFMB-001,FMC-002F-SW-2007-09-18T00:00:00,9/18/07,18 Sep 2007,07:30,REG,,,,SW,3Q07FHFMB,,,,LB,300552413,,EBLFY07,L3.21-10021,11/15/07,00,T,000,,,,,100,1,2332549,15046-84-1,IODINE-129,N,< 2.61,2.61,pCi/L,2.61,,0.5440,2.50,Yes,N,,,,2.50,,0.5440,pCi/L,VU,2.61,2.61,pCi/L,TRG,-81.67906676,33.2665425,,,,-81.67906676,33.2665425,0,,LIQ,,N,0.9760,,9/18/07,I129,,9/18/07,,9/18/07
1,SRS,FMC-002F,FMC-002F,365754,4Q07FHFMB-001,FMC-002F-SW-2007-11-29T00:00:00,11/29/07,29 Nov 2007,09:40,REG,,,,SW,4Q07FHFMB,,,,LB,300601208,,EBLFY08,L3.21-10021,12/19/07,00,T,000,,,,,100,1,2338772,15046-84-1,IODINE-129,N,< 3.49,3.49,pCi/L,3.49,,0.53,2.42,Yes,N,,,,2.42,,0.53,pCi/L,VU,3.49,3.49,pCi/L,TRG,-81.67906676,33.2665425,,,,-81.67906676,33.2665425,0,,LIQ,,N,0.9480,,11/29/07,I129,,11/29/07,,11/29/07
1,SRS,FMC-002F,FMC-002F,368252,1Q08FHFMB-001,FMC-002F-SW-2008-03-03T00:00:00,3/3/08,03 Mar 2008,13:30,REG,,,,SW,1Q08FHFMB,,,,LB,F8C050116006,,STLFY08,EPA902.0MOD,3/23/08,00,T,RA0,,,,,100,1,2350052,15046-84-1,IODINE-129,N,1.38,1.38,pCi/L,1.38,,0.73,1.65,Yes,Y,,,,1.65,,0.73,pCi/L,VU,1.38,1.38,pCi/L,TRG,-81.67906676,33.2665425,,,,-81.67906676,33.2665425,0,,LIQ,,N,0.46,,3/3/08,I129,,3/3/08,,3/3/08
1,SRS,FMC-002F,FMC-002F,371143,2Q08FHFMB-001,FMC-002F-SW-2008-06-02T00:00:00,6/2/08,02 Jun 2008,12:15,REG,,,,SW,2Q08FHFMB,,,,LB,F8F030230001,,STLFY08,EPA902.0MOD,6/21/08,00,T,000,,,,,100,1,2354669,15046-84-1,IODINE-129,N,5.61,5.61,pCi/L,5.61,,0.66,1.60,Yes,Y,,,,1.60,,0.66,pCi/L,VU,5.61,5.61,pCi/L,TRG,-81.67906676,33.2665425,,,,-81.67906676,33.2665425,0,,LIQ,,N,0.47,,6/2/08,I129,,6/2/08,,6/2/08
1,SRS,FMC-002F,FMC-002F,373861,3Q08FHFMB-001,FMC-002F-SW-2008-08-27T00:00:00,8/27/08,27 Aug 2008,08:30,REG,,,,SW,3Q08FHFMB,,,,LB,214709001,,GELFY08A,RADA-006,9/18/08,00,T,000,,,,,0,1,2364685,15046-84-1,IODINE-129,N,5.65,5.65,pCi/L,5.65,0.4830,0.4830,2.08,Yes,Y,,,,2.08,0.4830,0.4830,pCi/L,VU,5.65,5.65,pCi/L,TRG,-81.67906676,33.2665425,,,,-81.67906676,33.2665425,0,,LIQ,,N,0.7970,,8/27/08,I129,,8/27/08,,8/27/08
1,SRS,FMC-002F,FMC-002F,375550,4Q08FHFMB-001,FMC-002F-SW-2008-12-04T00:00:00,12/4/08,04 Dec 2008,08:50,REG,,,,SW,4Q08FHFMB,,,,LB,F8L090248001,,STLFY08,EPA902.0MOD,12/25/08,00,T,000,,,,,100,1,2367446,15046-84-1,IODINE-129,N,1.53,1.53,pCi/L,1.53,,0.39,0.91,Yes,Y,,,,0.91,,0.39,pCi/L,VU,1.53,1.53,pCi/L,TRG,-81.67906676,33.2665425,,,,-81.67906676,33.2665425,0,,LIQ,,N,0.26,,12/4/08,I129,,12/4/08,,12/4/08
1,SRS,FMC-002F,FMC-002F,377855,1Q09FHFMB-001,FMC-002F-SW-2009-03-05T00:00:00,3/5/09,05 Mar 2009,14:05,REG,,,,SW,1Q09FHFMB,,,,LB,225815009,,GELFY08A,RADA-006,3/26/09,00,T,000,,,,,0,1,2376065,15046-84-1,IODINE-129,N,8.48,8.48,pCi/L,8.48,1.17,1.17,4.09,Yes,Y,,,,4.09,1.17,1.17,pCi/L,VU,8.48,8.48,pCi/L,TRG,-81.67906676,33.2665425,,,,-81.67906676,33.2665425,,,LIQ,,N,1.46,,3/5/09,I129,,3/5/09,,3/5/09
1,SRS,FMC-002F,FMC-002F,380431,2Q09FHFMB-004,FMC-002F-SW-2009-06-01T00:00:00,6/1/09,01 Jun 2009,09:55,REG,,,,SW,2Q09FHFMB,,,,LB,301067793,,EBLFY08,L3.21-10021,6/11/09,00,T,000,,,,,100,1,2380469,15046-84-1,IODINE-129,N,< 14.50,14.5,pCi/L,14.50,,0.95,4.56,Yes,N,,,,4.56,,0.95,pCi/L,VU,14.50,14.5,pCi/L,TRG,-81.67906676,33.2665425,,,,-81.67906676,33.2665425,0,,LIQ,,N,1.81,,6/1/09,I129,,6/1/09,,6/1/09
1,SRS,FMC-002F,FMC-002F,383542,3Q09FHFMB0001,FMC-002F-SW-2009-09-10T00:00:00,9/10/09,10 Sep 2009,08:00,REG,,,,SW,3Q09FHFMB,,,,LB,301143248,,EBLFY08,L3.21-10021,9/25/09,00,T,000,,,,,100,1,2390584,15046-84-1,IODINE-129,N,< 5.16,5.16,pCi/L,5.16,,0.8230,2.99,Yes,N,,,,2.99,,0.8230,pCi/L,VU,5.16,5.16,pCi/L,TRG,-81.67906676,33.2665425,,,,-81.67906676,33.2665425,0,,LIQ,,N,1.09,,9/10/09,I129,,9/10/09,,9/10/09
1,SRS,FMC-002F,FMC-002F,388784,FHFMB-0000037,FMC-002F-SW-2009-12-08T00:00:00,12/8/09,08 Dec 2009,07:30,REG,,,,SW,4Q09FHFMB,,,,LB,301209732,,EBLFY08,L3.21-10021,12/22/09,00,T,000,,,,,100,1,2406915,15046-84-1,IODINE-129,N,< 5.98,5.98,pCi/L,5.98,,0.7950,3.01,Yes,N,,,,3.01,,0.7950,pCi/L,VU,5.98,5.98,pCi/L,TRG,-81.67906676,33.2665425,,,,-81.67906676,33.2665425,0,,LIQ,,N,1.11,,12/8/09,I129,,12/8/09,,12/8/09
1,SRS,FMC-002F,FMC-002F,391613,FHFMB-0000060,FMC-002F-SW-2010-03-08T00:00:00,3/8/10,08 Mar 2010,10:15,REG,,,,SW,1Q10FHFMB,,,,LB,301290624,,EBLFY10,L3.21-10021,4/8/10,00,T,000,,,,,100,1,2416618,15046-84-1,IODINE-129,N,< 2.46,2.46,pCi/L,2.46,,0.7970,2.44,Yes,N,,,,2.44,,0.7970,pCi/L,VU,2.46,2.46,pCi/L,TRG,-81.67906676,33.2665425,,,,-81.67906676,33.2665425,0,,LIQ,,N,0.8190,,3/8/10,I129,,3/8/10,,3/8/10
1,SRS,FMC-002F,FMC-002F,394240,FHFMB-0000061,FMC-002F-SW-2010-06-09T00:00:00,6/9/10,09 Jun 2010,09:15,REG,,,,SW,2Q10FHFMB,,,,LB,301349743,,EBLFY10,L3.21-10021,6/25/10,00,T,000,,,,,100,1,2420747,15046-84-1,IODINE-129,N,< 7.83,7.83,pCi/L,7.83,,0.7120,3.27,Yes,N,,,,3.27,,0.7120,pCi/L,VU,7.83,7.83,pCi/L,TRG,-81.67906676,33.2665425,,,,-81.67906676,33.2665425,0,,LIQ,,N,1.28,,6/9/10,I129,,6/9/10,,6/9/10
1,SRS,FMC-002F,FMC-002F,398442,FHFMB-0000073,FMC-002F-SW-2010-09-13T00:00:00,9/13/10,13 Sep 2010,12:15,REG,,,,SW,3Q10FHFMB,,,,LB,301417695,,EBLFY10,L3.21-10021,9/29/10,00,T,000,,,,,100,1,2432985,15046-84-1,IODINE-129,N,< 9.14,9.14,pCi/L,9.14,,1.06,4.12,Yes,N,,,,4.12,,1.06,pCi/L,VU,9.14,9.14,pCi/L,TRG,-81.67906676,33.2665425,,,,-81.67906676,33.2665425,0,,LIQ,,N,1.53,,9/13/10,I129,,9/13/10,,9/13/10
1,SRS,FMC-002F,FMC-002F,401536,FHFMB-0000085,FMC-002F-SW-2010-11-30T00:00:00,11/30/10,30 Nov 2010,08:00,REG,,,,SW,4Q10FHFMB,,,,LB,301470351,,EBLFY10,L3.21-10021,12/11/10,00,T,000,,,,,100,1,2440161,15046-84-1,IODINE-129,N,< 6.66,6.66,pCi/L,6.66,,1.01,4.16,Yes,N,,,,4.16,,1.01,pCi/L,VU,6.66,6.66,pCi/L,TRG,-81.67906676,33.2665425,,,,-81.67906676,33.2665425,0,,LIQ,,N,1.57,,11/30/10,I129,,11/30/10,,11/30/10
1,SRS,FMC-002F,FMC-002F,404684,1Q11FHFMB0001,FMC-002F-SW-2011-03-04T00:00:00,3/4/11,04 Mar 2011,08:50,REG,,,,SW,1Q11FHFMB,,,,LB,301542604,,EBLFY11,L3.21-10021,3/21/11,00,T,000,,,,,100,1,2452878,15046-84-1,IODINE-129,N,< 4.34,4.34,pCi/L,4.34,,1.03,3.36,Yes,N,,,,3.36,,1.03,pCi/L,VU,4.34,4.34,pCi/L,TRG,-81.67906676,33.2665425,,,,-81.67906676,33.2665425,0,,LIQ,,N,1.16,,3/4/11,I129,,3/4/11,,3/4/11
1,SRS,FMC-002F,FMC-002F,663295,1Q11FHFMB0001_LD,FMC-002F-SW-2011-03-04T00:00:00,3/4/11,04 Mar 2011,08:50,LD,,,,SW,1Q11FHFMB,,1Q11FHFMB0001,,LB,301543114,,EBLFY11,L3.21-10021,3/21/11,00,T,000,,,,,100,1,3122608,15046-84-1,IODINE-129,N,< 3.09,3.09,pCi/L,3.09,,1.04,3.07,Yes,N,,,,3.07,,1.04,pCi/L,VU,3.09,3.09,pCi/L,TRG,-81.67906676,33.2665425,,,,-81.67906676,33.2665425,0,,LIQ,,N,1.01,,3/4/11,I129,,3/4/11,,3/4/11
1,SRS,FMC-002F,FMC-002F,407653,FHFMB-0000097,FMC-002F-SW-2011-05-31T00:00:00,5/31/11,31 May 2011,12:35,REG,,,,SW,2Q11FHFMB,,,,LB,301603095,,EBLFY11,L3.21-10021,6/9/11,00,T,000,,,,,100,1,2458202,15046-84-1,IODINE-129,N,< 7.64,7.64,pCi/L,7.64,,1.01,3.78,Yes,N,,,,3.78,,1.01,pCi/L,VU,7.64,7.64,pCi/L,TRG,-81.67906676,33.2665425,,,,-81.67906676,33.2665425,0,,LIQ,,N,1.38,,5/31/11,I129,,5/31/11,,5/31/11
1,SRS,FMC-002F,FMC-002F,410142,FHFMB-0000109,FMC-002F-SW-2011-08-31T00:00:00,8/31/11,31 Aug 2011,16:40,REG,,,,SW,3Q11FHFMB,,,,LB,301660771,,EBLFY11,L3.21-10021,9/8/11,00,T,000,,,,,100,1,2466219,15046-84-1,IODINE-129,N,< 3.03,3.03,pCi/L,3.03,,0.8010,2.51,Yes,N,,,,2.51,,0.8010,pCi/L,VU,3.03,3.03,pCi/L,TRG,-81.67906676,33.2665425,,,,-81.67906676,33.2665425,0,,LIQ,,N,0.8540,,8/31/11,I129,,8/31/11,,8/31/11
1,SRS,FMC-002F,FMC-002F,412727,FHFMB-0000121,FMC-002F-SW-2011-12-06T00:00:00,12/6/11,06 Dec 2011,10:15,REG,,,,SW,4Q11FHFMB,,,,LB,301725203,,EBLFY12,L3.21-10021,12/17/11,00,T,000,,,,,100,1,2470893,15046-84-1,IODINE-129,N,< 3.27,3.27,pCi/L,3.27,,0.7410,2.42,Yes,N,,,,2.42,,0.7410,pCi/L,VU,3.27,3.27,pCi/L,TRG,-81.67906676,33.2665425,,,,-81.67906676,33.2665425,0,,LIQ,,N,0.8390,,12/6/11,I129,,12/6/11,,12/6/11
1,SRS,FMC-002F,FMC-002F,414717,1Q12FHFMB-001,FMC-002F-SW-2012-03-12T00:00:00,3/12/12,12 Mar 2012,12:15,REG,,,,SW,1Q12FHFMB,,,,LB,301800284,,EBLFY12,L3.21-10021,3/21/12,00,T,000,,,,,100,1,2478794,15046-84-1,IODINE-129,N,< 2.66,2.66,pCi/L,2.66,,0.7480,2.54,Yes,N,,,,2.54,,0.7480,pCi/L,VU,2.66,2.66,pCi/L,TRG,-81.67906676,33.2665425,,,,-81.67906676,33.2665425,0,,LIQ,,N,0.8940,,3/12/12,I129,,3/12/12,,3/12/12
1,SRS,FMC-002F,FMC-002F,417221,2Q12FHFMB-001,FMC-002F-SW-2012-06-04T00:00:00,6/4/12,04 Jun 2012,10:29,REG,,,,SW,2Q12FHFMB,,,,LB,301850041,,EBLFY12,L3.21-10021,6/13/12,00,T,000,,,,,100,1,2482995,15046-84-1,IODINE-129,N,< 1.23,1.23,pCi/L,1.23,,1.02,3.38,Yes,N,,,J,3.38,,1.02,pCi/L,VU,1.23,1.23,pCi/L,TRG,-81.67906676,33.2665425,,,,-81.67906676,33.2665425,0,,LIQ,21,N,1.18,,6/4/12,I129,,6/4/12,,6/4/12
1,SRS,FMC-002F,FMC-002F,419677,FHFMB00000013,FMC-002F-SW-2012-09-17T00:00:00,9/17/12,17 Sep 2012,14:15,REG,,,,SW,3Q12FHFMB,,,,LB,301927050,,EBLFY12,L3.21-10021,10/2/12,00,T,000,,,,,100,1,2490322,15046-84-1,IODINE-129,N,< 6.11,6.11,pCi/L,6.11,,0.8730,3.63,Yes,N,,,,3.63,,0.8730,pCi/L,VU,6.11,6.11,pCi/L,TRG,-81.67906676,33.2665425,,,,-81.67906676,33.2665425,0,,LIQ,,N,1.38,,9/17/12,I129,,9/17/12,,9/17/12
1,SRS,FMC-002F,FMC-002F,422464,FHFMB-0000133,FMC-002F-SW-2012-12-05T00:00:00,12/5/12,05 Dec 2012,09:30,REG,,,,SW,4Q12FHFMB,,,,LB,301979806,,EBLFY12,L3.21-10021,1/3/13,00,T,000,,,,,100,1,2495193,15046-84-1,IODINE-129,N,< 4.08,4.08,pCi/L,4.08,,1.05,4.01,Yes,N,,,,4.01,,1.05,pCi/L,VU,4.08,4.08,pCi/L,TRG,-81.67906676,33.2665425,,,,-81.67906676,33.2665425,0,,LIQ,,N,1.48,,12/5/12,I129,,12/5/12,,12/5/12
1,SRS,FMC-002F,FMC-002F,424974,FHFMB00000037,FMC-002F-SW-2013-03-05T00:00:00,3/5/13,05 Mar 2013,10:30,REG,,,,SW,1Q13FHFMB,,,,LB,302056420,,EBLFY12,L3.21-10021,3/28/13,00,T,000,,,,,100,1,2504477,15046-84-1,IODINE-129,N,< 1.44,1.44,pCi/L,1.44,,1.03,3.50,Yes,N,,,J,3.50,,1.03,pCi/L,VU,1.44,1.44,pCi/L,TRG,-81.67906676,33.2665425,,,,-81.67906676,33.2665425,0,,LIQ,21,N,1.24,,3/5/13,I129,,3/5/13,,3/5/13
1,SRS,FMC-002F,FMC-002F,668837,FHFMB00000037_LD,FMC-002F-SW-2013-03-05T00:00:00,3/5/13,05 Mar 2013,10:30,LD,,,,SW,1Q13FHFMB,,FHFMB00000037,,LB,302058826,,EBLFY12,L3.21-10021,3/28/13,00,T,000,,,,,100,1,3132858,15046-84-1,IODINE-129,N,< 1.53,1.53,pCi/L,1.53,,1.09,2.82,Yes,N,,,J,2.82,,1.09,pCi/L,VU,1.53,1.53,pCi/L,TRG,-81.67906676,33.2665425,,,,-81.67906676,33.2665425,0,,LIQ,21,N,0.8650,,3/5/13,I129,,3/5/13,,3/5/13
1,SRS,FMC-002F,FMC-002F,427813,FHFMB00000049,FMC-002F-SW-2013-06-03T00:00:00,6/3/13,03 Jun 2013,13:00,REG,,,,SW,2Q13FHFMB,,,,LB,302121148,,EBLFY13,L3.21-10021,6/12/13,00,T,000,,,,,100,1,2508355,15046-84-1,IODINE-129,N,< 10.10,10.1,pCi/L,10.10,,0.9950,5.83,Yes,N,,,,5.83,,0.9950,pCi/L,VU,10.10,10.1,pCi/L,TRG,-81.67906676,33.2665425,,,,-81.67906676,33.2665425,0,,LIQ,,N,2.42,,6/3/13,I129,,6/3/13,,6/3/13
1,SRS,FMC-002F,FMC-002F,430165,FHFMB00000061,FMC-002F-SW-2013-09-04T00:00:00,9/4/13,04 Sep 2013,12:30,REG,,,,SW,3Q13FHFMB,,,,LB,302176033,,EBLFY13,L3.21-10021,9/14/13,00,T,000,,,,,100,1,2516696,15046-84-1,IODINE-129,N,< 5.34,5.34,pCi/L,5.34,,0.9280,4.32,Yes,N,,,,4.32,,0.9280,pCi/L,VU,5.34,5.34,pCi/L,TRG,-81.67906676,33.2665425,,,,-81.67906676,33.2665425,0,,LIQ,,N,1.69,,9/4/13,I129,,9/4/13,,9/4/13
1,SRS,FMC-002F,FMC-002F,431882,FHFMB00000073,FMC-002F-SW-2013-12-18T00:00:00,12/18/13,18 Dec 2013,10:50,REG,,,,SW,4Q13FHFMB,,,,LB,302227038,,EBLFY13,L3.21-10021,12/24/13,00,T,000,,,,,100,1,2519310,15046-84-1,IODINE-129,N,< 4.44,4.44,pCi/L,4.44,,0.93,4.15,Yes,N,,,,4.15,,0.93,pCi/L,VU,4.44,4.44,pCi/L,TRG,-81.67906676,33.2665425,,,,-81.67906676,33.2665425,0,,LIQ,,N,1.61,,12/18/13,I129,,12/18/13,,12/18/13
1,SRS,FMC-002F,FMC-002F,434384,FHFMB00000085,FMC-002F-SW-2014-03-11T00:00:00,3/11/14,11 Mar 2014,12:15,REG,,,,SW,1Q14FHFMB,,,,LB,302331685,,EBLFY13,L3.21-10021,3/27/14,00,T,000,,,,,100,1,2527352,15046-84-1,IODINE-129,N,< 1.88,1.88,pCi/L,1.88,,1.06,3.41,Yes,N,,,J,3.41,,1.06,pCi/L,VU,1.88,1.88,pCi/L,TRG,-81.67906676,33.2665425,,,,-81.67906676,33.2665425,0,,LIQ,21,N,1.18,,3/11/14,I129,,3/11/14,,3/11/14
1,SRS,FMC-002F,FMC-002F,436816,FHFMB00000097,FMC-002F-SW-2014-06-16T00:00:00,6/16/14,16 Jun 2014,13:00,REG,,,,SW,2Q14FHFMB,,,,LB,302396614,,EBLFY13,L3.21-10021,7/1/14,00,T,000,,,,,100,1,2532979,15046-84-1,IODINE-129,N,< 4.36,4.36,pCi/L,4.36,,1.06,3.41,Yes,N,,,,3.41,,1.06,pCi/L,VU,4.36,4.36,pCi/L,TRG,-81.67906676,33.2665425,,,,-81.67906676,33.2665425,0,,LIQ,,N,1.17,,6/16/14,I129,,6/16/14,,6/16/14
1,SRS,FMC-002F,FMC-002F,440757,FHFMB00000109,FMC-002F-SW-2014-09-22T00:00:00,9/22/14,22 Sep 2014,10:20,REG,,,,SW,3Q14FHFMB,,,,LB,302560084,,EBLFY13,L3.21-10021,10/8/14,00,T,000,,,,,100,1,2547635,15046-84-1,IODINE-129,N,< 6.39,6.39,pCi/L,6.39,,1.04,4.77,Yes,N,,,,4.77,,1.04,pCi/L,VU,6.39,6.39,pCi/L,TRG,-81.67906676,33.2665425,,,,-81.67906676,33.2665425,0,,LIQ,,N,1.86,,9/22/14,I129,,9/22/14,,9/22/14
1,SRS,FMC-002F,FMC-002F,672917,FHFMB00000109_LD,FMC-002F-SW-2014-09-22T00:00:00,9/22/14,22 Sep 2014,10:20,LD,,,,SW,3Q14FHFMB,,FHFMB00000109,,LB,302566474,,EBLFY13,L3.21-10021,10/8/14,00,T,000,,,,,100,1,3140113,15046-84-1,IODINE-129,N,< 7.11,7.11,pCi/L,7.11,,1.01,4.48,Yes,N,,,,4.48,,1.01,pCi/L,VU,7.11,7.11,pCi/L,TRG,-81.67906676,33.2665425,,,,-81.67906676,33.2665425,0,,LIQ,,N,1.74,,9/22/14,I129,,9/22/14,,9/22/14
1,SRS,FMC-002F,FMC-002F,447792,FHFMB00000121,FMC-002F-SW-2014-12-02T00:00:00,12/2/14,02 Dec 2014,07:35,REG,,,,SW,4Q14FHFMB,,,,LB,302647685,,EBLFY13,L3.21-10021,12/10/14,00,T,000,,,,,100,1,2565164,15046-84-1,IODINE-129,N,< 1.95,1.95,pCi/L,1.95,,1.02,2.50,Yes,N,,,J,2.50,,1.02,pCi/L,VU,1.95,1.95,pCi/L,TRG,-81.67906676,33.2665425,,,,-81.67906676,33.2665425,0,,LIQ,21,N,0.7390,,12/2/14,I129,,12/2/14,,12/2/14
1,SRS,FMC-002F,FMC-002F,451871,FHFMB00000135,FMC-002F-SW-2015-03-03T00:00:00,3/3/15,03 Mar 2015,09:30,REG,,,,SW,1Q15FHFMB,,,,LB,302734472,,EBLFY15,L3.21-10021,3/17/15,00,T,000,,,,,100,1,2579980,15046-84-1,IODINE-129,N,< 0.9120,0.912,pCi/L,0.9120,,1.13,2.41,Yes,N,,,U,2.41,,1.13,pCi/L,VU,0.9120,0.912,pCi/L,TRG,-81.67906676,33.2665425,,,,-81.67906676,33.2665425,0,,LIQ,,N,0.6420,,3/3/15,I129,,3/3/15,,3/3/15
1,SRS,FMC-002F,FMC-002F,674259,FHFMB00000135_LD,FMC-002F-SW-2015-03-03T00:00:00,3/3/15,03 Mar 2015,09:30,LD,,,,SW,1Q15FHFMB,,FHFMB00000135,,LB,302735600,,EBLFY15,L3.21-10021,3/18/15,00,T,000,,,,,100,1,3142311,15046-84-1,IODINE-129,N,< 1.88,1.88,pCi/L,1.88,,0.8910,3.29,Yes,N,,,J,3.29,,0.8910,pCi/L,VU,1.88,1.88,pCi/L,TRG,-81.67906676,33.2665425,,,,-81.67906676,33.2665425,0,,LIQ,21,N,1.20,,3/3/15,I129,,3/3/15,,3/3/15
1,SRS,FMC-002F,FMC-002F,454546,FHFMB00000147,FMC-002F-SW-2015-06-02T00:00:00,6/2/15,02 Jun 2015,09:03,REG,,,,SW,2Q15FHFMB,,,,LB,302774772,,EBLFY15,L3.21-10021,6/11/15,00,T,000,,,,,100,1,2587603,15046-84-1,IODINE-129,N,< 2.31,2.31,pCi/L,2.31,,0.98,3.37,Yes,N,,,J,3.37,,0.98,pCi/L,VU,2.31,2.31,pCi/L,TRG,-81.67906676,33.2665425,,,,-81.67906676,33.2665425,0,,LIQ,21,N,1.20,,6/2/15,I129,,6/2/15,,6/2/15
1,SRS,FMC-002F,FMC-002F,458138,FHFMB00000159,FMC-002F-SW-2015-09-01T00:00:00,9/1/15,01 Sep 2015,08:00,REG,,,,SW,3Q15FHFMB,,,,LB,302835472,,EBLFY13,L3.21-10021,10/5/15,00,T,000,,,,,100,1,2601685,15046-84-1,IODINE-129,N,< 5.42,5.42,pCi/L,5.42,,1.02,4.14,Yes,N,,,,4.14,,1.02,pCi/L,VU,5.42,5.42,pCi/L,TRG,-81.67906676,33.2665425,,,,-81.67906676,33.2665425,0,,LIQ,,N,1.56,,9/1/15,I129,,9/1/15,,9/1/15
1,SRS,FMC-002F,FMC-002F,675952,FHFMB00000159_LD,FMC-002F-SW-2015-09-01T00:00:00,9/1/15,01 Sep 2015,08:00,LD,,,,SW,3Q15FHFMB,,FHFMB00000159,,LB,302836183,,EBLFY13,L3.21-10021,10/6/15,00,T,000,,,,,100,1,3145304,15046-84-1,IODINE-129,N,< 4.92,4.92,pCi/L,4.92,,1.06,3.72,Yes,N,,,,3.72,,1.06,pCi/L,VU,4.92,4.92,pCi/L,TRG,-81.67906676,33.2665425,,,,-81.67906676,33.2665425,0,,LIQ,,N,1.33,,9/1/15,I129,,9/1/15,,9/1/15
1,SRS,FMC-002F,FMC-002F,461151,FHFMB00000171,FMC-002F-SW-2015-12-08T00:00:00,12/8/15,08 Dec 2015,09:05,REG,,,,SW,4Q15FHFMB,,,,LB,302885469,,EBLFY15,L3.21-10021,12/23/15,00,T,000,,,,,100,1,2606890,15046-84-1,IODINE-129,N,< 2.54,2.54,pCi/L,2.54,,1.01,3.41,Yes,N,,,J,3.41,,1.01,pCi/L,VU,2.54,2.54,pCi/L,TRG,-81.67906676,33.2665425,,,,-81.67906676,33.2665425,0,,LIQ,21,N,1.20,,12/8/15,I129,,12/8/15,,12/8/15
1,SRS,FMC-002F,FMC-002F,464682,FHFMB00000183,FMC-002F-SW-2016-03-01T00:00:00,3/1/16,01 Mar 2016,09:15,REG,,,,SW,1Q16FHFMB,,,,LB,302958847,,EBLFY15,L3.21-10021,3/30/16,00,T,000,,,,,100,1,2621526,15046-84-1,IODINE-129,N,< 1.15,1.15,pCi/L,1.15,,1.05,2.56,Yes,N,,,J,2.56,,1.05,pCi/L,VU,1.15,1.15,pCi/L,TRG,-81.67906676,33.2665425,,,,-81.67906676,33.2665425,0,,LIQ,21,N,0.76,,3/1/16,I129,,3/1/16,,3/1/16
1,SRS,FMC-002F,FMC-002F,467605,FHFMB00000195,FMC-002F-SW-2016-06-14T00:00:00,6/14/16,14 Jun 2016,10:44,REG,,,,SW,2Q16FHFMB,,,,LB,303006898,,EBLFY15,L3.21-10021,6/18/16,00,T,000,,,,,100,1,2629376,15046-84-1,IODINE-129,N,< 2.01,2.01,pCi/L,2.01,,1.14,3.35,Yes,N,,,J,3.35,,1.14,pCi/L,VU,2.01,2.01,pCi/L,TRG,-81.67906676,33.2665425,,,,-81.67906676,33.2665425,0,,LIQ,21,N,1.11,,6/14/16,I129,,6/14/16,,6/14/16
1,SRS,FMC-002F,FMC-002F,471894,FHFMB00000219,FMC-002F-SW-2016-09-06T00:00:00,9/6/16,06 Sep 2016,15:08,REG,,,,SW,3Q16FHFMB,,,,LB,303074300,,EBLFY15,L3.21-10021,9/10/16,00,T,000,,,,,100,1,2643317,15046-84-1,IODINE-129,N,< 6.44,6.44,pCi/L,6.44,,1.07,4.79,Yes,N,,,,4.79,,1.07,pCi/L,VU,6.44,6.44,pCi/L,TRG,-81.67906676,33.2665425,,,,-81.67906676,33.2665425,0,,LIQ,,N,1.86,,9/6/16,I129,,9/6/16,,9/6/16
1,SRS,FMC-002F,FMC-002F,475523,FHFMB00000231,FMC-002F-SW-2016-11-30T00:00:00,11/30/16,30 Nov 2016,10:43,REG,,,,SW,4Q16FHFMB,,,,LB,303158102,,EBLFY15,L3.21-10021,12/5/16,00,T,000,,,,,100,1,2650117,15046-84-1,IODINE-129,N,< 7.22,7.22,pCi/L,7.22,,1.11,5.39,Yes,N,,,,5.39,,1.11,pCi/L,VU,7.22,7.22,pCi/L,TRG,-81.67906676,33.2665425,,,,-81.67906676,33.2665425,0,,LIQ,,N,2.14,,11/30/16,I129,,11/30/16,,11/30/16
1,SRS,FMC-002F,FMC-002F,679735,FHFMB00000231_LD,FMC-002F-SW-2016-11-30T00:00:00,11/30/16,30 Nov 2016,10:43,LD,,,,SW,4Q16FHFMB,,FHFMB00000231,,LB,303158407,,EBLFY15,L3.21-10021,12/6/16,00,T,000,,,,,100,1,3152254,15046-84-1,IODINE-129,N,< 6.66,6.66,pCi/L,6.66,,1.25,4.80,Yes,N,,,,4.80,,1.25,pCi/L,VU,6.66,6.66,pCi/L,TRG,-81.67906676,33.2665425,,,,-81.67906676,33.2665425,0,,LIQ,,N,1.78,,11/30/16,I129,,11/30/16,,11/30/16
1,SRS,FMC-002F,FMC-002F,478665,FHFMB-0000145,FMC-002F-SW-2017-02-28T00:00:00,2/28/17,28 Feb 2017,08:15,REG,,,,SW,1Q17FHFMB,,,,LB,303236310,,EBLFY15,L3.21-10021,3/29/17,00,T,000,,,,,100,1,2662909,15046-84-1,IODINE-129,N,< 3.44,3.44,pCi/L,3.44,,1.14,3.27,Yes,N,,,,3.27,,1.14,pCi/L,VU,3.44,3.44,pCi/L,TRG,-81.67906676,33.2665425,,,,-81.67906676,33.2665425,0,,LIQ,,N,1.07,,2/28/17,I129,,2/28/17,,2/28/17
1,SRS,FMC-002F,FMC-002F,481637,FHFMB00000243,FMC-002F-SW-2017-06-01T00:00:00,6/1/17,01 Jun 2017,07:40,REG,,,,SW,2Q17FHFMB,,,,LB,303276892,,EBLFY15,L3.21-10021,6/6/17,00,T,000,,,,,100,1,2670402,15046-84-1,IODINE-129,N,< 5.90,5.9,pCi/L,5.90,,1.07,4.46,Yes,N,,,,4.46,,1.07,pCi/L,VU,5.90,5.9,pCi/L,TRG,-81.67906676,33.2665425,,,,-81.67906676,33.2665425,0,,LIQ,,N,1.69,,6/1/17,I129,,6/1/17,,6/1/17
1,SRS,FMC-002F,FMC-002F,681319,FHFMB00000243_LD,FMC-002F-SW-2017-06-01T00:00:00,6/1/17,01 Jun 2017,07:40,LD,,,,SW,2Q17FHFMB,,FHFMB00000243,,LB,303277384,,EBLFY15,L3.21-10021,6/7/17,00,T,000,,,,,100,1,3155220,15046-84-1,IODINE-129,N,< 6.32,6.32,pCi/L,6.32,,1.21,4.26,Yes,N,,,,4.26,,1.21,pCi/L,VU,6.32,6.32,pCi/L,TRG,-81.67906676,33.2665425,,,,-81.67906676,33.2665425,0,,LIQ,,N,1.52,,6/1/17,I129,,6/1/17,,6/1/17
1,SRS,FMC-002F,FMC-002F,484239,FHFMB00000255,FMC-002F-SW-2017-09-06T00:00:00,9/6/17,06 Sep 2017,09:06,REG,,,,SW,3Q17FHFMB,,,,LB,303336236,,EBLFY15,L3.21-10021,9/21/17,00,T,000,,,,,100,1,2680896,15046-84-1,IODINE-129,N,< 4.78,4.78,pCi/L,4.78,,1.12,4.70,Yes,N,,,,4.70,,1.12,pCi/L,VU,4.78,4.78,pCi/L,TRG,-81.67906676,33.2665425,,,,-81.67906676,33.2665425,0,,LIQ,,N,1.79,,9/6/17,I129,,9/6/17,,9/6/17
1,SRS,FMC-002F,FMC-002F,487982,FHFMB-0002000,FMC-002F-SW-2017-12-05T00:00:00,12/5/17,05 Dec 2017,09:30,REG,,,,SW,4Q17FHFMB,,,,LB,303398241,,EBLFY15,L3.21-10021,12/7/17,00,T,000,,,,,100,1,2689924,15046-84-1,IODINE-129,N,< 4.54,4.54,pCi/L,4.54,,1.01,3.87,Yes,N,,,,3.87,,1.01,pCi/L,VU,4.54,4.54,pCi/L,TRG,-81.67906676,33.2665425,,,,-81.67906676,33.2665425,0,,LIQ,,N,1.43,,12/5/17,I129,,12/5/17,,12/5/17
1,SRS,FMC-002F,FMC-002F,682956,FHFMB-0002000_LD,FMC-002F-SW-2017-12-05T00:00:00,12/5/17,05 Dec 2017,09:30,LD,,,,SW,4Q17FHFMB,,FHFMB-0002000,,LB,303398550,,EBLFY15,L3.21-10021,12/8/17,00,T,000,,,,,100,1,3158376,15046-84-1,IODINE-129,N,< 2.70,2.7,pCi/L,2.70,,1.08,3.47,Yes,N,,,J,3.47,,1.08,pCi/L,VU,2.70,2.7,pCi/L,TRG,-81.67906676,33.2665425,,,,-81.67906676,33.2665425,0,,LIQ,21,N,1.20,,12/5/17,I129,,12/5/17,,12/5/17
1,SRS,FMC-002F,FMC-002F,491669,FHFMB00000267,FMC-002F-SW-2018-02-26T00:00:00,2/26/18,26 Feb 2018,11:10,REG,,,,SW,1Q18FHFMB,,,,LB,303466858,,EBLFY15,L3.21-10021,3/9/18,00,T,000,,,,,100,1,2702803,15046-84-1,IODINE-129,N,< 2.85,2.85,pCi/L,2.85,,1.20,2.87,Yes,N,,,J,2.87,,1.20,pCi/L,VU,2.85,2.85,pCi/L,TRG,-81.67906676,33.2665425,,,,-81.67906676,33.2665425,0,,LIQ,21,N,0.8320,,2/26/18,I129,,2/26/18,,2/26/18
1,SRS,FMC-002F,FMC-002F,494185,FHFMB00000279,FMC-002F-SW-2018-06-05T00:00:00,6/5/18,05 Jun 2018,12:35,REG,,,,SW,2Q18FHFMB,,,,LB,303510442,,EBLFY18,L3.21-10021,6/9/18,00,T,000,,,,,100,1,2709120,15046-84-1,IODINE-129,N,< 5.87,5.87,pCi/L,5.87,,1.05,4.56,Yes,N,,,,4.56,,1.05,pCi/L,VU,5.87,5.87,pCi/L,TRG,-81.67906676,33.2665425,,,,-81.67906676,33.2665425,0,,LIQ,,N,1.76,,6/5/18,I129,,6/5/18,,6/5/18
1,SRS,FMC-002F,FMC-002F,497125,FHFMB-0002012,FMC-002F-SW-2018-09-04T00:00:00,9/4/18,04 Sep 2018,12:30,REG,,,,SW,3Q18FHFMB,,,,LB,303573013,,EBLFY18,L3.21-10021,9/12/18,00,T,000,,,,,100,1,2721234,15046-84-1,IODINE-129,N,< 3.94,3.94,pCi/L,3.94,,1.57,3.61,Yes,N,,,,3.61,,1.57,pCi/L,VU,3.94,3.94,pCi/L,TRG,-81.67906676,33.2665425,,,,-81.67906676,33.2665425,0,,LIQ,,N,1.02,,9/4/18,I129,,9/4/18,,9/4/18
1,SRS,FMC-002F,FMC-002F,503608,FHFMB00000291,FMC-002F-SW-2018-11-29T00:00:00,11/29/18,29 Nov 2018,11:05,REG,,,,SW,4Q18FHFMB,,,,LB,303635669,,EBLFY18,L3.21-10021,12/7/18,00,T,000,,,,,100,1,2729998,15046-84-1,IODINE-129,N,< 1.34,1.34,pCi/L,1.34,,1.10,3.34,Yes,N,,,J,3.34,,1.10,pCi/L,VU,1.34,1.34,pCi/L,TRG,-81.67906676,33.2665425,,,,-81.67906676,33.2665425,0,,LIQ,21,N,1.12,,11/29/18,I129,,11/29/18,,11/29/18
1,SRS,FMC-002F,FMC-002F,506836,FHFMB-0002024,FMC-002F-SW-2019-03-11T00:00:00,3/11/19,11 Mar 2019,12:40,REG,,,,SW,1Q19FHFMB,,,,LB,303710544,,EBLFY18,L3.21-10021,4/3/19,00,T,000,,,,,100,1,2743207,15046-84-1,IODINE-129,N,1.15,1.15,pCi/L,1.15,,1.09,2.49,Yes,Y,,,J,2.49,,1.09,pCi/L,VU,1.15,1.15,pCi/L,TRG,-81.67906676,33.2665425,,,,-81.67906676,33.2665425,0,,LIQ,21|SIG,N,0.6990,,3/11/19,I129,,3/11/19,,3/11/19
1,SRS,FMC-002F,FMC-002F,510429,FHFMB00000303,FMC-002F-SW-2019-06-03T00:00:00,6/3/19,03 Jun 2019,08:17,REG,,,,SW,2Q19FHFMB,,,,LB,303745605,,EBLFY18,L3.21-10021,6/13/19,00,T,000,,,,,100,1,2753766,15046-84-1,IODINE-129,N,2.55,2.55,pCi/L,2.55,,1.07,3.25,Yes,Y,,,J,3.25,,1.07,pCi/L,VU,2.55,2.55,pCi/L,TRG,-81.67906676,33.2665425,,,,-81.67906676,33.2665425,0,,LIQ,21|SIG,N,1.09,,6/3/19,I129,,6/3/19,,6/3/19
1,SRS,FMC-002F,FMC-002F,688124,FHFMB00000303_LD,FMC-002F-SW-2019-06-03T00:00:00,6/3/19,03 Jun 2019,08:17,LD,,,,SW,2Q19FHFMB,,FHFMB00000303,,LB,303748430,,EBLFY18,L3.21-10021,6/13/19,00,T,000,,,,,100,1,3167692,15046-84-1,IODINE-129,N,3.43,3.43,pCi/L,3.43,,1.08,3.06,Yes,Y,,,,3.06,,1.08,pCi/L,VU,3.43,3.43,pCi/L,TRG,-81.67906676,33.2665425,,,,-81.67906676,33.2665425,0,,LIQ,SIG,N,0.9880,,6/3/19,I129,,6/3/19,,6/3/19
1,SRS,FMC-002F,FMC-002F,512841,3Q19FHFMB0001,FMC-002F-SW-2019-09-09T00:00:00,9/9/19,09 Sep 2019,08:15,REG,,,,SW,3Q19FHFMB,,,,LB,303806427,,EBLFY18,L3.21-10021,9/20/19,00,T,000,,,,,100,1,2761878,15046-84-1,IODINE-129,N,3.76,3.76,pCi/L,3.76,,1.18,3.86,Yes,Y,,,J,3.86,,1.18,pCi/L,VU,3.76,3.76,pCi/L,TRG,-81.67906676,33.2665425,,,,-81.67906676,33.2665425,0,,LIQ,SIG|21,N,1.34,,9/9/19,I129,,9/9/19,,9/9/19
1,SRS,FMC-002F,FMC-002F,517146,4Q19FHFMB0001,FMC-002F-SW-2019-12-05T00:00:00,12/5/19,05 Dec 2019,10:05,REG,,,,SW,4Q19FHFMB,,,,LB,303855341,,EBLFY18,L3.21-10021,1/7/20,00,T,000,,,,,100,1,2774670,15046-84-1,IODINE-129,N,2.80,2.8,pCi/L,2.80,,2.68,5.71,Yes,Y,,,J,5.71,,2.68,pCi/L,VU,2.80,2.8,pCi/L,TRG,-81.67906676,33.2665425,,,,-81.67906676,33.2665425,0,,LIQ,21|SIG|Q,N,1.52,,12/5/19,I129,,12/5/19,,12/5/19
1,SRS,FMC-002F,FMC-002F,529356,1Q20FHFMB0001,FMC-002F-SW-2020-02-28T00:00:00,2/28/20,28 Feb 2020,10:58,REG,,,,SW,1Q20FHFMB,,,,LB,303916207,,EBLFY18,L3.21-10021,3/7/20,00,T,000,,,,,100,1,2796415,15046-84-1,IODINE-129,N,< 0.7390,0.739,pCi/L,0.7390,,1.24,2.89,Yes,N,,,U,2.89,,1.24,pCi/L,VU,0.7390,0.739,pCi/L,TRG,-81.67906676,33.2665425,,,,-81.67906676,33.2665425,0,,LIQ,,N,0.8260,,2/28/20,I129,,2/28/20,,2/28/20
1,SRS,FMC-002F,FMC-002F,532704,FHFMB-0002036,FMC-002F-SW-2020-05-28T00:00:00,5/28/20,28 May 2020,14:00,REG,,,,SW,2Q20FHFMB,,,,LB,303945674,,EBLFY18,L3.21-10021,6/3/20,00,T,000,,,,,100,1,2804967,15046-84-1,IODINE-129,N,5.54,5.54,pCi/L,5.54,,1.09,4.15,Yes,Y,,,,4.15,,1.09,pCi/L,VU,5.54,5.54,pCi/L,TRG,-81.67906676,33.2665425,,,,-81.67906676,33.2665425,0,,LIQ,SIG,N,1.53,,5/28/20,I129,,5/28/20,,5/28/20
1,SRS,FMC-002F,FMC-002F,536782,FHFMB-0002048,FMC-002F-SW-2020-09-03T00:00:00,9/3/20,03 Sep 2020,09:42,REG,,,,SW,3Q20FHFMB,,,,LB,520641007,,GELFY19,RADA-006,9/24/20,00,T,000,,,,,100,1,2819015,15046-84-1,IODINE-129,N,7.26,7.26,pCi/L,7.26,0.6820,0.6820,3.16,Yes,Y,,,,3.16,0.6820,0.6820,pCi/L,VU,7.26,7.26,pCi/L,TRG,-81.67906676,33.2665425,,,,-81.67906676,33.2665425,,,LIQ,,N,1.24,,9/3/20,I129,,9/3/20,,9/3/20
1,SRS,FMC-002F,FMC-002F,540332,FHFMB-0002060,FMC-002F-SW-2020-12-03T00:00:00,12/3/20,03 Dec 2020,08:55,REG,,,,SW,4Q20FHFMB,,,,LB,304048293,,EBLFY18,L3.21-10021,12/11/20,00,T,000,,,,,100,1,2827441,15046-84-1,IODINE-129,N,2.71,2.71,pCi/L,2.71,,1.16,2.84,Yes,Y,,,J,2.84,,1.16,pCi/L,VU,2.71,2.71,pCi/L,TRG,-81.67906676,33.2665425,,,,-81.67906676,33.2665425,0,,LIQ,SIG|21,N,0.8380,,12/3/20,I129,,12/3/20,,12/3/20
1,SRS,FMC-002F,FMC-002F,544975,FHFMB00000325,FMC-002F-SW-2021-03-01T00:00:00,3/1/21,01 Mar 2021,09:47,REG,,,,SW,1Q21FHFMB,,,,LB,536732005,,GELFY19,RADA-006,3/8/21,00,T,000,,,,,100,1,2842971,15046-84-1,IODINE-129,N,1.41,1.41,pCi/L,1.41,0.7620,0.7620,2.88,Yes,Y,,,R,2.88,0.7620,0.7620,pCi/L,VU,1.41,1.41,pCi/L,TRG,-81.67906676,33.2665425,,,,-81.67906676,33.2665425,,,LIQ,21|1,N,1.06,,3/1/21,I129,,3/1/21,,3/1/21
1,SRS,FMC-002F,FMC-002F,547891,FHFMB00000335,FMC-002F-SW-2021-06-01T00:00:00,6/1/21,01 Jun 2021,10:25,REG,,,,SW,2Q21FHFMB,,,,LB,546045008,,GELFY19,RADA-006,6/12/21,00,T,000,,,,,100,1,2850864,15046-84-1,IODINE-129,N,4.68,4.68,pCi/L,4.68,0.9560,0.9560,3.68,Yes,Y,,,,3.68,0.9560,0.9560,pCi/L,VU,4.68,4.68,pCi/L,TRG,-81.67906676,33.2665425,,,,-81.67906676,33.2665425,,,LIQ,,N,1.36,,6/1/21,I129,,6/1/21,,6/1/21
1,SRS,FMC-002F,FMC-002F,553563,FHFMB-0002073,FMC-002F-SW-2021-08-31T00:00:00,8/31/21,31 Aug 2021,10:30,REG,,,,SW,3Q21FHFMB,,,,LB,554535001,,GELFY19,RADA-006,9/11/21,00,T,000,,,,,100,1,2865720,15046-84-1,IODINE-129,N,6.82,6.82,pCi/L,6.82,0.6440,0.6440,3.30,Yes,Y,,,,3.30,0.6440,0.6440,pCi/L,VU,6.82,6.82,pCi/L,TRG,-81.67906676,33.2665425,,,,-81.67906676,33.2665425,0,,LIQ,,N,1.33,,8/31/21,I129,,8/31/21,,8/31/21
1,SRS,FMC-002F,FMC-002F,558516,FHFMB-0002089,FMC-002F-SW-2021-11-29T00:00:00,11/29/21,29 Nov 2021,08:59,REG,,,,SW,4Q21FHFMB,,,,LB,304250954,,EBLFY18,L3.21-10021,12/15/21,00,T,000,,,,,100,1,2876014,15046-84-1,IODINE-129,N,2.44,2.44,pCi/L,2.44,,1.05,3.20,Yes,Y,,,J,3.20,,1.05,pCi/L,VU,2.44,2.44,pCi/L,TRG,-81.67906676,33.2665425,,,,-81.67906676,33.2665425,0,,LIQ,SIG|21,N,1.07,,11/29/21,I129,,11/29/21,,11/29/21
1,SRS,FMC-002F,FMC-002F,563406,FHFMB00000350,FHFMB00000350,2/28/22,28 Feb 2022,10:45,REG,,,,SW,1Q22FHFMB,,,,LB,571764012,,GELFY19,RADA-006,3/14/22,00,T,000,,,,,100,1,2888644,15046-84-1,IODINE-129,N,2.10,2.1,pCi/L,2.10,0.4050,0.4050,1.70,Yes,Y,,,,1.70,0.4050,0.4050,pCi/L,VU,2.10,2.1,pCi/L,TRG,-81.67906676,33.2665425,,,,-81.67906676,33.2665425,,,LIQ,,N,0.6450,,,I129,,,,2/28/22
1,SRS,FMC-002F,FMC-002F,66982174,FHFMB-0002101,FHFMB-0002101,5/31/22,31 May 2022,10:25,REG,,,,SW,2Q22FHFMB,,,,LB,304347801,SW,EBLFY18,L3.21-10021,6/15/22,NA,T,INITIAL,L3.23-10002,,,EBL22152B,100,1,67337732,15046-84-1,IODINE-129,N,6.18,6.18,pCi/L,6.18,0.998,0.998,4.1,Yes,Y,,,,4.1,0.998,0.998,pCi/L,VU,6.18,6.18,pCi/L,TRG,-81.67906676,33.2665425,,,,-81.67906676,33.2665425,,,LIQ,SIG,N,1.55,,,I129,,,,5/31/22
1,SRS,FMC-002F,FMC-002F,67430501,FHFMB-0002120,FHFMB-0002120,8/29/22,29 Aug 2022,12:30,REG,,,,SW,3Q22FHFMB,,,,LB,591410001,SW,GELFY19,RADA-006,9/9/22,NA,T,INITIAL,,,,,,1,68818049,15046-84-1,IODINE-129,N,5.51,5.51,pCi/L,5.51,1.14,1.14,4.26,Yes,Y,,,,4.26,1.14,1.14,pCi/L,VU,5.51,5.51,pCi/L,TRG,-81.67906676,33.2665425,,,,-81.67906676,33.2665425,,,LIQ,,N,1.56,,,I129,,,,8/29/22
1,SRS,FMC-002F,FMC-002F,68321592,FHFMB_02710,FMC-002F,12/1/22,01 Dec 2022,11:02,REG,,,,SW,4Q22FHFMB,,,,LB,12277,WATER,EBLFY22,L3.21-10033,12/14/22,NA,N,INITIAL,L3.23-10002,,,,,1,68481091,15046-84-1,IODINE-129,N,0.00201,0.00201,pCi/mL,0.00201,,0.00130,0.00185,Yes,Y,,,,1.85E-03,,1.30E-03,pCi/mL,VU,2.01E-03,2.01,pCi/L,TRG,-81.67906676,33.2665425,,,,-81.67906676,33.2665425,,GRAB,LIQ,,N,5.44E-04,,,I129,,12/1/22,ADMIN,12/1/22
1,SRS,FMC-002F,FMC-002F,68908222,FHFMB23_2975,FHFMB23_2975,3/1/23,01 Mar 2023,10:03,REG,,,,SW,1Q23FHFMB,,,,LB,280-173145-12,WATER,TALFY19,LSC_I129,3/21/23,NA,N,INITIAL,,,,TAL23061A,,1,69021730,15046-84-1,IODINE-129,N,2.22,2.22,pCi/L,2.22,1.53,1.00,1.00,YES,Y,,,,1.00,1.53,1.00,pCi/L,VU,2.22,2.22,pCi/L,TRG,-81.67906676,33.2665425,,,,-81.67906676,33.2665425,2-Sigma,CN,LIQ,,N,1.01,0.995,,I129,1.53,3/1/23,REV,3/1/23
1,SRS,FMC-002F,FMC-002F,69325180,2Q23FHFMB-03244,2Q23FHFMB-03244,6/6/23,06 Jun 2023,06:38,REG,,,,SW,2Q23FHFMB,,,,LB,29323,WATER,EBLFY22,L3.21-10033,6/16/23,NA,N,INITIAL,L3.23-10002,,,,,1,69530420,15046-84-1,IODINE-129,N,0.00335,0.00335,pCi/mL,0.00335,,0.00131,0.00197,Yes,Y,,,,1.97E-03,,1.31E-03,pCi/mL,,3.35E-03,3.35,pCi/L,TRG,-81.67906676,33.2665425,,,,-81.67906676,33.2665425,,CN,LIQ,,N,6.58E-04,,,I129,,6/6/23,ADMIN,6/6/23